,N-Number,Registered
48,N438WN,2003-07-21
400,N68061,2002-03-08
646,N914UY,2014-11-07
901,N446UA,1998-07-02
1542,N18120,2005-02-25
1951,N353SW,1990-11-09
1991,N678AW,2005-06-29
2053,N68836,2014-10-13
2344,N16918,2001-03-09
2406,N121UW,2000-09-28
2642,N15980,1999-12-18
3542,N7744A,2013-08-12
3973,N17105,1994-08-18
4198,N7729A,2006-06-13
4515,N480WN,2004-08-25
5170,N147PQ,2007-10-31
5268,N483WN,2004-09-13
5272,N66837,2014-11-21
5290,N484WN,2004-09-22
5625,N13913,2001-05-26
5842,N486WN,2004-09-27
6085,N404UA,1994-01-26
6138,N103US,1999-06-25
6342,N643SW,1997-01-13
6365,N338NB,2002-03-09
6608,N491WN,2004-11-02
7049,N366NB,2003-08-30
7239,N492WN,2004-11-12
7298,N7819A,2015-07-08
7445,N489WN,2004-10-14
7461,N658AW,1999-12-06
7648,N374NW,2002-01-30
7808,N17159,2004-03-19
7883,N495WN,2004-12-22
7931,N705JB,2008-03-01
8085,N611SW,1995-09-12
8115,N961DL,1990-05-25
8251,N711UW,1999-06-25
8409,N357SW,1992-05-27
8509,N568WN,2014-12-05
9496,N389SW,1994-07-06
9699,N26545,2002-01-26
9718,N41104,2005-02-25
10244,N807AW,1999-08-30
10887,N589UA,1997-11-03
11157,N294JB,2008-06-25
11220,N908DL,1988-08-25
11519,N7821L,2015-06-04
11689,N17138,2005-02-25
11762,N296JB,2008-11-04
12387,N304JB,2009-03-17
12488,N306JB,2009-04-20
12705,N307JB,2009-06-04
13309,N597JB,2004-11-10
13466,N25705,1998-05-12
13868,N498UA,2002-11-20
14100,N923DN,2011-03-24
14788,N576AA,1991-06-25
15256,N374SW,1993-08-12
15358,N453WN,2004-03-29
15586,N39415,2008-02-13
15655,N583JB,2004-01-08
15921,N66841,2015-01-26
16060,N917DE,1993-08-19
16764,N24212,1998-06-30
17178,N465UA,2000-12-06
17246,N750UW,2000-09-28
17291,N937AT,2001-07-22
17838,N917UY,2015-01-22
17951,N190UW,2001-04-06
17969,N339NB,2002-04-30
19421,N69840,2015-01-23
19511,N68880,2015-04-23
19545,N349NB,2002-10-28
20709,N6709,2000-08-09
20941,N19136,1999-03-18
21489,N561WN,2015-07-30
21562,N454WN,2004-03-26
21810,N519UW,2009-04-24
21816,N748SW,1999-08-02
21941,N935DL,1989-03-19
22528,N362NB,2003-07-01
22702,N607JB,2005-02-25
22769,N66848,2015-03-27
22815,N7834A,2015-09-04
23222,N213WN,2005-05-26
23232,N223WN,2005-10-23
23963,N944DN,2013-02-17
24078,N455UA,1999-12-06
24148,N309JB,2009-06-09
24378,N920US,2015-02-28
24528,N976UY,2012-07-30
24621,N328NB,2001-07-12
24776,N68843,2015-02-06
24889,N206UA,1999-05-18
25104,N802AW,1999-01-04
25748,N917DL,1988-04-08
26131,N360NB,2003-05-29
26932,N389DA,2000-04-15
27203,N904DE,1992-05-01
27255,N652JB,2007-02-08
27282,N828JB,2013-08-16
27552,N402UA,1993-12-13
27688,N62883,2015-06-26
27885,N329JB,2011-05-03
27908,N632SW,1996-06-13
28006,N459WN,2004-04-29
28081,N61886,2015-07-28
28130,N334JB,2011-07-21
28178,N126UW,2009-12-23
28721,N339JB,2011-11-10
28727,N403UA,1994-01-26
28856,N67846,2015-02-23
28924,N351JB,2012-06-26
28980,N779JB,2009-03-12
29122,N34222,1998-12-07
29313,N11119,2005-02-25
29337,N353JB,2012-10-23
29543,N355JB,2013-04-23
29544,N410UA,1994-06-01
30100,N373JB,2013-05-24
30242,N7826B,2015-09-25
31304,N426WN,2002-04-15
31456,N918US,2015-02-04
31883,N13133,2005-02-25
31891,N712SW,1998-05-31
31947,N251WN,2006-08-17
32024,N922US,2015-04-11
32210,N810AW,1999-12-06
32301,N15751,2015-04-13
32451,N69847,2015-03-19
32880,N966DL,1990-12-01
32990,N556AA,1991-03-23
33101,N197JB,2006-02-08
33365,N718SW,1998-07-31
33590,N135EV,2009-04-30
33625,N507AY,2008-11-22
34090,N472AS,2015-04-09
34124,N561AA,1991-05-25
34271,N955UW,2008-02-26
34742,N256WN,2006-09-27
34833,N39728,1999-07-15
35046,N694SW,1992-12-17
35462,N646UA,1992-03-18
35662,N279WN,2007-06-11
36167,N11189,2005-08-11
36268,N962WN,2011-07-27
36282,N968WN,2011-12-16
37531,N924US,2015-05-02
37853,N397SW,1995-02-15
38728,N292WN,2007-09-14
40541,N723SW,1999-02-10
41645,N571AA,1987-07-16
42186,N371CA,2003-01-31
43262,N61881,2015-05-05
43651,N27213,1998-07-13
43886,N216JB,2006-04-27
44308,N725SW,1999-02-22
46470,N7830A,2015-05-25
46568,N78009,1999-04-20
46878,N283WN,2007-07-16
47147,N937WN,2009-06-02
47874,N38459,2012-10-23
47888,N581AA,1991-07-25
47921,N61882,2015-05-28
48227,N17752,2015-06-12
48314,N664UA,1998-06-29
48368,N954DL,1990-03-19
48597,N925UY,2015-06-02
48928,N927UW,2015-06-04
49061,N926UW,2015-06-05
49516,N12221,1998-11-29
49954,N13908,2001-07-14
50040,N630WN,1996-06-05
51560,N716EV,2003-01-31
52283,N232PQ,2009-04-30
54413,N739GB,1998-11-11
54814,N365SW,1993-02-17
55067,N837AW,2005-11-05
55826,N391SW,1994-09-01
56370,N832UA,2000-10-16
56503,N14106,1994-09-22
56524,N854UA,2002-06-26
57060,N603JB,2005-01-13
57111,N605JB,2005-02-11
57276,N724SW,1999-02-13
57691,N69885,2015-07-16
57916,N478AS,2015-07-13
57960,N615JB,2005-07-21
58023,N618JB,2005-07-21
58437,N62889,2015-09-04
59221,N475WN,2004-07-31
59281,N12126,2005-02-25
59321,N976DL,1991-04-09
59450,N726SW,1999-02-24
60825,N8328A,2012-12-13
60848,N14731,1999-08-17
60986,N281JB,2007-09-19
61291,N7823A,2015-06-29
61561,N708UW,1999-04-26
62365,N649JB,2006-12-07
62396,N16183,2005-05-20
62470,N775UA,1996-01-22
62510,N505AA,1989-11-06
62982,N469AA,1988-09-16
63376,N35271,2001-10-18
63600,N633VA,2007-09-14
64167,N69888,2015-08-23
64330,N981AT,2002-11-22
64852,N170US,2001-06-05
65778,N558UW,2012-09-05
66732,N13989,2000-06-29
67461,N644UA,1991-05-17
67880,N630JB,2005-12-23
67978,N741SA,1998-11-30
68171,N17719,1999-02-03
68177,N743SW,1998-12-23
68752,N573AA,1991-05-29
68884,N188US,2002-05-31
69070,N104UW,1999-08-30
69255,N556AS,2006-06-28
70590,N638VA,2008-05-10
71114,N740EV,2004-07-14
71168,N929AT,2000-09-15
71557,N171US,2001-05-11
71569,N746SW,1999-06-17
71877,N17104,1994-07-26
72292,N555LV,2011-03-16
72398,N556WN,2011-04-08
72687,N452UA,1999-03-15
72984,N638JB,2006-06-15
73019,N351NB,2002-11-20
73098,N784JB,2011-02-11
73234,N643JB,2006-09-08
73481,N7708E,2005-01-04
73529,N274WN,2007-04-20
73600,N45440,2009-08-18
73702,N14242,1999-10-22
74207,N760US,2000-12-06
74480,N346JB,2012-01-25
74937,N529JB,2002-01-14
75366,N36447,2012-02-09
75552,N39450,2012-03-30
75602,N38451,2012-04-10
75649,N68452,2012-05-07
75812,N420UA,1995-01-12
75860,N488WN,2004-10-13
75929,N809JB,2012-11-08
76079,N496WN,2005-01-04
76379,N287WN,2007-08-08
76735,N666UA,1998-08-24
76895,N668UA,1999-03-14
77185,N671UA,1999-09-23
77217,N74007,1999-02-17
77379,N732SW,1999-07-13
77590,N78008,1999-02-28
78553,N516JB,2000-10-16
79140,N708EV,2002-10-23
79470,N37267,2001-09-02
79479,N13997,2000-08-18
79586,N110UW,2001-08-07
79885,N823UA,1999-02-26
80378,N75436,2009-06-23
81456,N314NB,2000-04-03
81996,N900DE,1992-02-22
82392,N893AT,2004-10-13
82411,N479UA,2001-12-19
82412,N21723,1999-04-21
82579,N819UA,1998-11-09
82650,N820UA,1998-11-23
82775,N754SW,1999-11-09
83626,N899AT,2005-04-25
83801,N751EV,2004-09-17
84286,N655JB,2007-03-23
84572,N537UA,1991-07-18
84633,N10156,2004-02-15
84774,N844UA,2002-01-23
84906,N16149,2003-10-11
85094,N846UA,2002-01-15
85422,N724UW,1999-12-06
85425,N36272,2001-10-25
86440,N662JB,2007-10-04
86623,N663JB,2007-10-26
86679,N748EV,2004-07-30
86734,N665JB,2007-12-14
86933,N617DL,1986-05-14
87322,N333NB,2001-12-03
87956,N77867,2002-04-01
89218,N261WN,2006-12-13
89522,N7707C,2004-12-22
89661,N316US,1991-06-24
89988,N498WN,2005-01-17
90036,N499WN,2005-01-23
90123,N200WN,2005-01-24
90130,N201LV,2005-02-15
90328,N703JB,2008-01-31
90453,N205WN,2005-03-14
90473,N207WN,2005-03-24
90759,N211WN,2005-04-29
91201,N750SA,1999-09-08
91271,N568AS,2007-01-25
91375,N14214,1998-07-23
91602,N22971,1999-07-03
92198,N7736A,2014-06-19
92573,N521JB,2001-05-11
93011,N111US,1999-12-27
93036,N7711N,2005-04-08
93104,N7720F,2006-01-10
93414,N39423,2008-06-27
93461,N79011,1999-06-29
93745,N903DE,1992-03-27
93780,N78013,1999-09-13
93794,N193UW,2008-07-18
93920,N571JB,2003-12-09
93934,N27421,2008-04-21
94154,N947AT,1999-12-04
94906,N919EV,2003-04-09
94940,N14102,1997-06-13
95017,N469WN,2004-06-22
95203,N372NW,2002-01-14
95692,N756SA,1999-12-03
96096,N612JB,2005-05-27
96463,N998DL,1992-01-30
96938,N779SW,2000-08-04
97010,N355SW,1991-08-06
97402,N234WN,2006-03-24
98350,N7743B,2014-06-27
98755,N7746C,2007-06-14
98758,N601WN,1995-03-10
98890,N906DE,1992-10-07
99374,N753EV,2004-10-01
99572,N16561,2002-06-29
99574,N714CB,1998-06-19
99639,N632JB,2006-01-12
100076,N815UA,1998-08-24
100334,N904WN,2008-01-11
100589,N909DE,1992-11-10
100947,N510UA,1990-06-13
101170,N933WN,2009-04-07
101178,N12924,2000-09-24
101217,N441UA,1998-01-06
101282,N27962,1999-02-06
101326,N805UA,1998-02-13
101334,N961WN,2011-07-26
101427,N569AS,2007-03-04
101443,N426UA,1995-04-10
101444,N428UA,1995-05-19
101456,N125UW,2009-11-10
101490,N226WN,2005-11-30
101509,N437UA,1996-04-15
101515,N438UA,1997-07-07
101532,N447UA,1998-08-03
101547,N456UA,1999-12-27
101548,N457UA,2000-02-16
101580,N399WN,1995-02-23
101583,N540UW,2009-12-11
101731,N419UA,1994-10-31
101925,N597AA,1992-06-24
102248,N470UA,2001-04-06
102293,N16147,2003-09-11
102333,N632VA,2007-06-13
102416,N645JB,2006-10-06
102436,N927DA,1988-10-20
102468,N586JB,2004-02-18
102508,N523JB,2001-07-24
102593,N13113,1995-04-07
102754,N436WN,2003-06-26
102792,N36915,2001-04-25
102882,N17244,1999-11-01
102984,N12157,2004-02-21
103153,N575AA,1963-03-06
103524,N716SW,1998-06-30
103563,N66057,2002-01-04
103655,N569JB,2003-09-30
103677,N579JB,2003-12-09
103793,N584JB,2004-01-15
103849,N439WN,2003-07-29
103876,N907DE,1992-10-14
103877,N492UA,2002-05-16
104091,N602AW,2009-05-05
104127,N915DE,1993-02-27
104248,N968DL,1991-01-09
104424,N802UA,1997-07-07
104676,N599JB,2004-12-30
104723,N524JB,2001-12-19
104742,N364NB,2003-08-07
104815,N929DL,1988-11-09
104938,N930DL,1988-11-09
104954,N803AW,1999-01-04
105017,N496AA,1989-08-08
105215,N439AA,1993-03-19
105217,N488AA,1989-01-20
105218,N494AA,1989-02-14
105265,N916EV,2003-03-13
105278,N969DL,1991-01-17
105310,N7716A,2005-10-06
105711,N948DN,2013-05-23
106223,N622VA,2007-06-26
106254,N37263,2001-07-30
106342,N370SW,1993-07-02
106477,N243WN,2006-06-17
106510,N522UA,1990-10-19
106945,N918DE,1993-09-14
107045,N307DQ,2009-01-18
107219,N970DL,1991-01-18
107447,N332NW,1992-06-22
107499,N17169,2004-09-02
107536,N153PQ,2007-12-19
107936,N682DA,1993-01-15
108280,N10575,2002-09-28
108369,N521VA,2006-05-16
108459,N895AT,2005-01-20
108987,N919DE,1993-10-08
109100,N435AS,2013-10-28
109283,N582CA,2008-04-10
109398,N311US,1990-12-13
109399,N319US,1991-07-29
109400,N325US,1992-03-19
109488,N37419,2008-03-23
109549,N695CA,2007-12-06
109617,N906DL,1988-08-05
109624,N912DL,1987-12-30
109652,N78004,1998-11-19
109730,N33182,2005-04-28
109815,N15712,1998-09-23
109845,N431AS,2013-10-08
110150,N502UA,1989-09-14
110267,N663SW,1986-11-11
110284,N424AA,1986-11-01
110405,N37273,2001-12-02
110610,N658UA,1993-03-02
110676,N660UA,1993-05-14
110795,N661UA,1993-07-28
110823,N905DL,1987-03-27
110827,N36280,2003-12-16
110836,N662UA,1993-08-28
110880,N408AS,2012-12-17
110936,N78285,2004-07-19
110987,N580JB,2004-02-24
111042,N353NB,2002-11-20
111063,N593JB,2004-10-15
111169,N747SA,1999-06-29
111593,N508AY,2008-12-20
111702,N772SW,2000-07-06
112693,N931DL,1988-11-25
112865,N484AA,1988-12-15
112958,N570AA,1987-07-09
112998,N933DL,1989-03-06
112999,N934DL,1989-03-09
113378,N804AW,1999-08-30
113412,N805AW,1999-08-30
113662,N653UA,1992-10-26
113809,N660SW,1985-05-23
113827,N493AA,1989-02-08
113894,N924WN,2008-06-26
113974,N768SW,2000-06-07
115081,N771SA,2000-06-29
115659,N411UA,1994-06-01
115991,N11164,2004-06-12
116138,N612DL,1985-10-15
116147,N105UW,1999-08-30
116795,N775SW,2000-07-24
116914,N21130,2005-02-25
117096,N803UA,1997-12-15
117235,N891AT,2004-04-29
117311,N902DE,1992-03-20
117369,N550WN,2007-04-14
117687,N920DL,1988-05-24
117696,N922DL,1988-06-07
117700,N924DL,1988-07-15
117989,N942DL,1989-07-08
117990,N945DL,1989-08-12
117991,N946DL,1989-09-06
117992,N947DL,1989-12-13
118076,N315US,1991-04-18
118087,N73259,2001-05-22
118332,N836UA,2001-05-11
118375,N655DL,1990-02-22
118428,N454AA,1988-03-30
118452,N73299,2005-11-29
118759,N516UA,1990-08-24
118953,N923DL,1988-07-05
118980,N735SA,1999-08-23
119238,N13118,2005-02-25
119247,N971DL,1991-02-14
119320,N272WN,2007-03-29
119344,N476AA,1988-10-26
119448,N57439,2009-08-07
119511,N951DL,1990-02-15
119513,N953DL,1990-03-10
119514,N956DL,1990-04-17
119687,N487AA,1989-01-17
119692,N481UA,2002-02-04
119802,N944DL,1989-08-05
119824,N608AT,2010-02-19
119980,N790SW,2000-12-02
120161,N367NW,1999-05-17
120197,N631AW,1990-02-01
120233,N792SW,2000-12-18
120238,N943DL,1989-07-22
120301,N501AA,1989-10-21
120306,N604AW,2000-07-05
120333,N978DL,1991-04-18
120406,N505UA,1989-11-13
120541,N670DN,1991-12-20
120635,N236JB,2006-06-30
120649,N33262,2001-07-22
120745,N624AW,1989-10-16
120774,N651UA,1993-06-29
120778,N21197,2006-01-12
120823,N358SW,1992-06-01
120929,N415UA,1995-01-12
120930,N421UA,1995-01-12
121013,N738CB,1999-08-31
121196,N12116,1996-03-27
121349,N672DL,1992-02-21
121508,N11193,2005-10-20
121760,N203UW,2006-05-23
122078,N958DL,1990-04-19
122173,N674DL,1992-03-25
122316,N984DL,1991-09-17
122546,N989DL,1991-11-18
122547,N992DL,1991-12-05
122548,N995DL,1992-01-09
122549,N996DL,1992-01-22
122645,N78005,1998-12-03
122722,N329NW,1992-05-18
122760,N330NW,1992-06-22
122786,N14231,1999-06-18
123026,N34460,2012-11-02
123164,N576UA,1993-02-17
123409,N69020,2007-04-11
123579,N76055,2001-02-20
123588,N625SW,1996-04-23
124318,N643UA,1991-05-24
124545,N26210,1998-06-22
124730,N333NW,1992-08-18
124736,N8660A,2015-02-09
124849,N8646B,2014-08-15
124879,N8648A,2014-09-05
124886,N8650F,2014-09-27
124981,N8634A,2014-06-13
125026,N8638A,2014-07-09
125154,N979DL,1991-05-09
125229,N796SW,2001-02-26
125242,N536JB,2002-06-26
125480,N549UA,1992-01-21
125513,N336NW,1993-01-11
125636,N340NW,1996-07-19
125726,N344NW,1993-03-23
125742,N195PQ,2008-12-18
125786,N345NW,1996-07-10
126048,N565AA,1987-06-11
126116,N560AA,1991-05-23
126161,N352NB,2002-11-20
126197,N679DA,1992-11-12
126334,N640JB,2006-07-13
126360,N980DL,1991-05-13
126448,N107US,1999-08-03
126515,N320US,1991-10-16
126557,N582AA,1991-07-24
126741,N21108,1994-11-07
126807,N371SW,1993-07-13
126808,N372SW,1993-07-21
126809,N394SW,1994-09-12
126810,N396SW,1994-11-08
126896,N184US,2002-03-15
126976,N901DE,1992-03-18
126977,N913DE,1993-01-24
127205,N183UW,2001-08-02
127412,N39416,2008-02-21
127570,N751SW,1999-09-16
127672,N323US,1992-02-24
127715,N550UA,1992-02-11
127871,N595AA,1992-04-09
128074,N994AT,2002-10-11
128261,N11194,2005-11-10
128310,N286WN,2004-07-13
128545,N910DE,1992-11-18
128549,N911DE,1992-12-15
128566,N598UA,1999-01-22
128574,N734SA,1999-07-22
128633,N403AS,2012-11-06
128640,N649AW,1998-05-11
128916,N459UA,2000-04-28
128947,N200PQ,2008-12-18
129213,N920DE,1993-11-06
129394,N409UA,1994-04-08
129412,N839AW,2006-02-02
129681,N713UW,1999-08-30
129737,N412UA,1994-06-24
129813,N379SW,1994-02-22
129843,N905DA,1995-04-22
129859,N11150,2003-10-23
129966,N37420,2008-04-03
129985,N47414,2008-01-23
130212,N48127,1998-02-24
130218,N29129,1998-03-25
130348,N416UA,1994-10-31
130358,N392SW,1994-09-07
130709,N653JB,2007-02-16
130782,N608SW,1995-08-29
131074,N828UA,1999-06-25
131117,N247WN,2006-07-09
131318,N641SW,1996-12-20
131637,N12540,2001-12-07
131800,N638SW,1996-10-04
131920,N559WN,2014-11-25
132127,N801AW,1998-10-20
132326,N920AT,2001-01-29
132737,N14153,2003-12-12
132803,N916DE,1993-05-14
132855,N180US,2001-07-12
132924,N906AT,2001-04-12
133208,N986AT,2001-06-11
133291,N11176,2005-01-14
133383,N340NB,2002-04-30
133468,N845UA,2002-01-23
133522,N456WN,2004-04-10
134134,N585AA,1991-08-22
134137,N489AA,1989-01-27
134345,N970UY,2009-05-29
134377,N457WN,2004-04-08
134803,N247JB,2006-08-22
134935,N722US,1999-11-04
135244,N461UA,2000-09-05
135804,N75425,2008-06-29
136021,N497UA,2002-10-08
136083,N192JB,2005-12-16
136165,N697SW,1988-03-02
136235,N620SW,1996-01-11
136664,N14158,2004-03-13
137105,N463UA,2000-09-22
137140,N386SW,1994-06-27
137192,N952DL,1990-02-28
137364,N836AW,2005-10-13
137434,N472UA,2001-05-11
137483,N634SW,1996-08-05
137535,N473AA,1988-10-07
137563,N348NW,1996-07-09
137621,N637SW,1996-10-03
137622,N169UW,2001-04-06
137817,N18101,2005-02-25
138313,N641JB,2006-08-03
138526,N667UA,1998-08-31
138534,N346SW,1989-03-27
139420,N755SA,1999-11-11
139443,N435UA,1996-10-03
139602,N313US,1991-03-27
139659,N239WN,2006-05-26
139690,N841AS,1999-03-26
139691,N740UW,2000-07-26
139710,N853AS,2000-06-20
140081,N917WN,2008-04-01
140090,N749SW,1999-08-12
140117,N840AW,2006-02-14
140953,N37274,2002-01-31
140992,N653AW,1999-06-21
141186,N564JB,2003-07-01
141501,N440UA,1997-08-13
141728,N444UA,1998-06-12
141831,N649SW,1997-06-07
142372,N493WN,2004-12-01
142492,N197PQ,2008-12-18
142615,N843UA,2001-12-06
143626,N37409,2001-11-15
143718,N75410,2001-12-04
143719,N31412,2002-04-14
143768,N202WN,2005-02-17
143810,N467AA,1988-09-09
144091,N161UW,2001-02-12
144103,N804UA,1998-02-17
144132,N451WN,2004-02-25
144351,N23708,1998-05-29
144369,N26215,1998-08-01
144385,N19117,1996-04-24
144593,N449UA,1998-08-24
144992,N407AS,2012-12-06
145308,N771UA,1995-11-22
145467,N177DZ,1999-05-05
145583,N15710,1998-08-30
145597,N302NB,2000-01-18
145791,N913WN,2008-03-02
146077,N798SW,1998-05-13
146223,N339NW,1996-07-18
146269,N14179,2005-03-11
146397,N455AA,1988-04-02
146424,N448UA,1998-08-03
146589,N978UY,2012-12-27
146815,N548UA,1992-01-30
146983,N7719A,2005-12-20
147087,N807UA,1998-04-14
147250,N652SW,1997-08-08
147504,N989AT,2002-05-09
147516,N810UA,1998-08-03
147523,N363NB,2003-07-01
147590,N404WN,2001-06-27
147622,N932DL,1989-03-19
147625,N529VA,2014-05-01
147656,N407WN,2001-07-26
147668,N409WN,2001-12-19
147811,N416WN,2001-11-01
147830,N359NB,2003-03-26
147895,N73270,2001-10-08
147915,N417WN,2001-11-08
147971,N419WN,2001-12-03
147978,N420WN,2002-01-07
148079,N407UA,1994-06-24
148088,N427WN,2002-04-24
148112,N334NW,1996-07-12
148265,N435WN,2003-06-01
148298,N491UA,2002-07-17
148354,N77012,1999-08-02
148373,N123UW,2000-11-06
148509,N824AW,2001-06-05
148620,N431WN,2002-12-19
148639,N709SW,2000-01-17
148740,N39726,1999-07-09
148786,N453UA,1999-04-27
148876,N740SW,1998-11-30
148933,N37413,2008-01-12
148980,N362NW,1999-01-04
148999,N24128,2005-02-25
149011,N704US,1999-01-04
149207,N821UA,1999-02-04
149217,N27190,2005-09-01
149229,N894AT,2004-11-18
149270,N249JB,2006-11-15
149279,N16954,1998-08-15
149292,N760JB,2008-10-28
149530,N822UA,1999-02-26
149544,N944WN,2010-03-22
149799,N667AW,2002-03-26
149925,N578AA,1991-07-06
149946,N652AW,1999-03-15
149971,N12201,2006-04-20
150002,N478UA,2001-12-19
150041,N434AA,1992-12-29
150154,N603SW,1995-04-21
150156,N12552,2002-04-13
150294,N387SW,1994-06-29
150338,N13969,1999-06-25
150378,N732US,2000-04-28
150715,N13970,1999-06-26
150742,N433UA,1996-07-17
150856,N708JB,2008-04-24
150905,N432WN,2003-03-20
150962,N598AA,1992-07-17
150963,N334NB,2002-03-15
150973,N588JB,2004-07-07
151105,N988DL,1991-10-18
151562,N701UW,1998-11-09
151671,N109UW,1999-09-27
151899,N368NW,1999-06-21
151921,N369NW,1999-06-25
151963,N196UW,2009-04-24
151972,N15973,1999-08-06
151977,N793SA,2001-01-10
152175,N967AT,2001-09-19
152334,N6700,1999-09-24
152365,N631SW,1996-06-10
152537,N707SA,1998-10-30
152685,N179UW,2001-07-12
153015,N16981,1999-12-19
153072,N12218,1998-08-13
153222,N848AS,1999-11-17
153315,N477AA,1988-11-02
153456,N656AW,1999-10-20
153584,N16976,1999-09-25
153622,N76064,2002-04-16
153646,N18243,1999-10-25
153700,N537JB,2012-11-30
153758,N76065,2002-05-01
153776,N655AW,1999-10-12
153820,N371NW,2001-12-19
153849,N647UA,1992-04-05
153913,N436UA,1997-01-10
153945,N11155,2004-01-30
154102,N443WN,2003-09-02
154386,N13248,1999-12-03
154789,N16987,2000-05-13
154870,N3740C,2000-12-19
154873,N458WN,2004-04-22
154874,N461WN,2004-05-24
154895,N470WN,2004-06-24
154905,N309US,1990-03-14
154932,N463WN,2004-06-04
154941,N464WN,2004-06-08
155001,N467WN,2004-06-14
155115,N18556,2002-05-24
155131,N472WN,2004-07-14
155210,N473WN,2004-07-19
155218,N754UW,2000-10-16
155227,N474WN,2004-07-23
155244,N812AW,2000-03-20
155257,N506AS,2008-06-05
155448,N318US,1991-07-29
155589,N319NB,2000-11-06
155591,N114UW,2000-02-16
155595,N505JB,2000-04-03
155704,N301NB,2000-01-19
155993,N13995,2000-08-13
156325,N523AS,2009-02-27
156357,N941DL,1989-06-28
156487,N592JB,2004-10-13
156749,N203JB,2006-03-17
156766,N413AS,2013-03-24
156777,N409AS,2013-02-04
156831,N7730A,2012-06-04
156963,N27015,2000-04-07
157014,N480UA,2002-01-14
157029,N15985,2000-04-14
157304,N57868,2002-08-08
157473,N834UA,2001-03-01
157486,N821AW,2001-02-12
157487,N823AW,2001-05-11
157488,N827AW,2001-08-02
157564,N903DA,1995-02-12
157590,N636VA,2008-04-17
157611,N22909,2001-06-30
157711,N937DN,2012-10-05
157850,N941DN,2013-03-03
157933,N509AY,2009-02-18
158044,N415WN,2001-10-19
158328,N945DN,2013-04-14
158329,N946DN,2013-05-31
158462,N7739A,2012-10-09
158551,N934AT,2000-05-01
158611,N542UW,2009-12-16
158648,N589JB,2004-07-07
158690,N315NB,2000-07-05
158823,N76516,2009-01-06
158840,N14902,2001-09-21
158894,N39418,2008-03-23
158961,N14250,1999-12-12
159217,N958DN,2012-02-04
159434,N506JB,2000-07-05
159569,N24202,2000-06-10
159666,N561JB,2003-03-04
159711,N566JB,2003-08-07
159910,N651JB,2007-01-11
159948,N949AT,2000-01-24
160067,N766SW,2000-05-02
160120,N361SW,1992-06-18
160189,N787SA,2000-11-09
160288,N996AT,2002-07-05
160369,N533US,1988-09-30
160467,N933AT,2000-06-02
160536,N316NB,2000-07-05
160678,N201AA,1959-04-17
160740,N214WN,2005-06-06
160830,N392DA,2000-05-28
160837,N990DL,1991-11-14
160877,N341NB,2002-06-26
161054,N527VA,2012-05-21
161296,N179JB,2005-10-01
161349,N331NW,1992-06-22
161350,N596UA,1998-03-17
161423,N27205,2000-07-22
161424,N660AW,2000-07-05
161432,N248WN,2006-07-25
161768,N675UA,2000-07-28
161771,N769SW,2000-06-22
161827,N11165,2004-06-26
161843,N624VA,2006-05-31
162052,N773SA,2000-07-05
162134,N523VA,2007-07-10
162191,N462UA,2000-09-22
162271,N348NB,2002-10-08
162423,N11206,2000-07-25
162534,N478WN,2004-08-14
162676,N13988,2000-05-27
162850,N11184,2005-05-27
163158,N14998,2000-08-30
163169,N833UA,2001-02-12
163298,N464UA,2000-09-22
163341,N75861,2001-08-07
163512,N78509,2008-02-21
163563,N489UA,2002-04-11
163850,N458UA,2000-03-10
163876,N329NB,2001-08-02
164086,N246LV,2006-06-30
164092,N508JB,2007-05-09
164217,N960AT,2001-03-30
164308,N76265,2001-08-27
164319,N77295,2005-08-30
164340,N751UW,2000-09-28
164348,N220WN,2005-07-29
164437,N222WN,2005-08-26
164591,N7713A,2005-06-15
164606,N471UA,2001-05-11
164691,N629VA,2008-01-23
164742,N623VA,2009-02-06
164750,N191UW,2001-04-06
164778,N406UA,1994-04-08
164827,N974AT,2002-02-22
164907,N975AT,2002-03-20
165048,N122US,2000-10-16
165130,N892AT,2004-08-02
165154,N925AT,2000-11-07
165319,N997AT,2002-11-07
165401,N744EV,2004-07-23
165550,N37253,2000-09-16
165551,N6711M,2000-09-27
165616,N848UA,2002-03-15
165803,N583AA,1991-09-07
166038,N13979,1999-11-21
166056,N979EV,2003-01-14
166160,N37255,2000-10-21
166186,N953AT,2000-09-11
166231,N648JB,2006-12-08
166276,N745SW,1999-03-30
166353,N487WN,2004-10-05
166659,N907WN,2008-01-31
166662,N13994,2000-07-21
166715,N525VA,2007-12-04
166794,N318NB,2000-10-16
166815,N908WN,2008-02-06
166824,N517JB,2000-12-06
166909,N909WN,2008-02-18
166914,N910WN,2010-05-07
167029,N975DL,1991-03-12
167076,N12563,2002-06-29
167285,N764US,2000-12-06
167317,N758US,2000-11-06
167325,N488UA,2002-03-26
167342,N915WN,2008-03-13
167383,N972DL,1991-02-19
167513,N918WN,2008-04-08
167668,N920WN,2008-04-30
167706,N921WN,2008-05-02
167779,N476WN,2004-08-05
167795,N717SA,1998-07-23
167985,N925WN,2008-06-30
168007,N293WN,2007-09-18
168012,N13914,2001-05-11
168013,N295WN,2007-10-27
168015,N900WN,2007-12-09
168075,N905WN,2008-01-19
168090,N294WN,2007-09-25
168094,N297WN,2007-10-26
168151,N11548,2002-02-22
168174,N33266,2001-08-27
168178,N562WN,2000-12-12
168179,N3738B,2000-12-13
168395,N936WN,2009-05-19
168457,N373NW,2002-01-24
168520,N428WN,2002-11-13
168573,N938WN,2009-06-07
168614,N77258,2000-11-14
168823,N985AT,2001-06-18
168864,N715UW,1999-08-30
168881,N946WN,2010-04-24
168893,N449WN,2003-12-19
168900,N947WN,2010-05-29
168930,N3756,2001-08-11
168934,N949WN,2010-07-30
169033,N950WN,2010-08-05
169055,N953WN,2014-02-03
169092,N955WN,2011-03-28
169136,N956WN,2011-04-27
169204,N957WN,2011-05-20
169248,N959WN,2011-09-09
169352,N960WN,2011-07-22
169355,N590UA,1997-12-31
169422,N724EV,2004-03-18
169428,N963WN,2011-07-29
169465,N964WN,2011-08-26
169466,N965WN,2011-09-13
169540,N1201P,1998-04-17
169633,N966WN,2011-09-22
169774,N134EV,2009-03-27
169823,N77019,2007-03-21
169996,N410WN,2001-09-24
170126,N424UA,1995-03-07
170243,N7735A,2012-08-29
170393,N16999,2000-09-27
170610,N320NB,2001-01-08
170750,N713EV,2003-02-19
171284,N567WN,2015-04-16
171285,N569WN,2015-04-28
171298,N570WN,2015-05-11
171304,N564WN,2015-03-30
171431,N57870,2003-05-23
171607,N216WR,2005-06-25
171675,N16919,2001-02-24
171790,N784SW,2000-10-08
171871,N218WN,2005-06-30
172063,N957AT,2000-01-16
172167,N676UA,2001-04-22
172443,N221WN,2005-10-31
172683,N867AS,2001-04-10
172827,N306DQ,2009-01-08
173275,N557AS,2006-08-06
173344,N520JB,2001-05-11
173482,N24702,1998-04-15
173485,N14923,2000-09-25
173487,N977AT,2002-05-11
173533,N955AT,2000-11-15
173697,N942AT,1999-09-16
173755,N327NB,2001-06-05
173766,N24715,1998-10-20
173820,N192UW,2001-06-05
173911,N944AT,1999-10-16
173950,N839UA,2001-07-02
173980,N167US,2001-05-11
174048,N687SW,1993-09-03
174104,N993DL,1991-12-13
174251,N665WN,1994-12-16
174325,N14174,2004-12-10
174405,N38727,1999-07-13
174440,N35260,2001-06-07
174501,N738US,2000-07-05
174528,N588AS,2015-10-27
174650,N745VJ,2000-09-22
174776,N443UA,1998-06-12
174837,N993AT,2002-06-21
174902,N641UA,1991-04-18
175622,N274JB,2007-06-22
175742,N605SW,1995-04-27
176276,N17233,1999-07-22
176627,N644SW,1997-03-31
177112,N723UW,1999-12-06
177193,N768US,2001-01-08
177480,N33286,2004-05-19
177968,N219WN,2005-07-08
178106,N202AA,1989-10-25
178303,N203WN,2005-02-22
178669,N663AW,2001-05-11
178764,N7709A,2005-01-31
178846,N53441,2009-09-03
178984,N275WN,2007-05-02
179026,N276WN,2007-05-09
179156,N17245,1999-11-04
179655,N6705Y,2000-04-05
179698,N11192,2005-10-08
179822,N613JB,2005-06-16
180126,N467UA,2001-01-08
180129,N598JB,2004-11-19
180440,N713SW,1998-06-08
181011,N720WN,1998-09-29
181151,N337NW,1993-01-11
181297,N623JB,2005-08-11
181623,N16703,1998-04-07
181897,N37281,2003-12-18
181929,N7722B,2006-02-20
182210,N13227,1999-04-29
182333,N422UA,1995-03-07
183250,N217JC,2005-06-29
183401,N360SW,1992-06-15
184013,N277WN,2007-05-21
184969,N923AT,2005-09-26
185197,N367SW,1993-05-07
185401,N7732A,2012-07-16
185593,N14977,1999-10-23
185790,N16112,2005-02-25
185849,N33264,2001-08-09
185873,N267WN,2007-02-25
185898,N14230,1999-06-15
186867,N41135,1999-02-18
187032,N675AW,2005-04-01
187072,N16732,1999-08-22
187333,N921DL,1988-05-28
187424,N824UA,1999-03-15
187645,N27152,2003-11-21
187670,N328NW,1992-05-11
188043,N33284,2004-03-26
188144,N14171,2004-10-22
188280,N15572,2002-09-14
188490,N12172,2004-10-28
188540,N14173,2004-11-26
188547,N906DA,1995-07-13
188549,N17115,2005-02-25
188631,N12175,2004-12-17
188700,N722EV,2011-08-27
188828,N11121,2005-02-25
188946,N712US,1999-08-30
189210,N609SW,1995-08-04
189276,N614SW,1995-09-29
189310,N12166,2004-07-29
189319,N13202,2006-04-27
189355,N631VA,2007-05-26
189511,N635SW,1996-09-03
189639,N788SA,2000-11-17
190187,N829UA,2000-06-01
190292,N672UA,1999-12-21
190300,N69804,2013-09-14
190305,N68807,2013-11-12
190311,N69810,2013-12-17
190322,N69813,2014-01-29
190334,N69816,2014-02-19
190338,N69819,2014-03-18
190346,N69826,2014-06-03
190354,N69829,2014-06-21
190368,N69835,2014-10-04
190378,N66808,2013-11-15
190379,N66814,2014-02-11
190399,N68823,2014-04-28
190400,N67827,2014-06-11
190406,N69830,2014-06-26
190411,N68842,2015-01-27
190412,N66803,2013-09-20
190413,N64809,2013-12-04
190431,N67815,2014-02-21
190432,N69818,2014-03-18
190433,N68821,2014-04-14
190458,N68834,2014-09-22
190467,N753US,2000-10-16
190487,N64844,2015-02-16
190497,N67845,2015-02-18
190697,N691WN,1993-11-05
190977,N11181,2005-04-14
191117,N668AW,2002-05-16
191146,N225WN,2005-12-07
191243,N530AS,2010-04-28
191638,N733SA,1999-07-19
191720,N752US,2000-09-28
191779,N626AW,1989-10-16
191861,N361VA,2013-03-19
192618,N242WN,2006-06-11
192740,N914DE,1993-01-30
193163,N12163,2004-05-28
194384,N659JB,2007-07-19
194387,N7728D,2006-06-12
194468,N946AT,1999-11-05
194886,N905DE,1992-05-06
195126,N838AW,2005-11-18
195357,N278WN,2007-05-30
195510,N34111,2005-02-25
196320,N706JB,2008-03-28
196354,N709JB,2008-05-08
196403,N712JB,2008-06-13
196502,N746JB,2008-09-25
196507,N952AT,2000-07-03
196638,N766JB,2008-12-12
196822,N900PC,1997-01-21
196920,N775JB,2009-02-21
197064,N238WN,2006-05-21
197116,N794JB,2011-11-18
197149,N796JB,2012-03-15
197172,N57016,2000-05-04
197182,N908DE,1992-11-01
197189,N805JB,2012-06-09
197217,N806JB,2012-10-04
197778,N427UA,1995-05-19
197790,N430UA,1996-02-27
197848,N454UA,1999-12-06
197941,N834JB,2013-09-28
198163,N363NW,1999-01-04
198174,N430WN,2002-12-15
198280,N13138,1999-12-07
198351,N474UA,2001-07-02
198496,N37470,2013-03-24
198641,N324US,1992-02-24
198867,N76054,2000-12-01
199021,N17128,1998-03-19
199151,N7811F,2013-08-07
199235,N26141,2005-02-25
199272,N627JB,2005-11-04
199462,N481WN,2004-09-01
199480,N525US,1987-04-14
199512,N470AA,1988-09-22
199576,N471AA,1988-09-27
199606,N472AA,1988-10-05
199616,N73251,2000-08-31
199985,N37252,2000-09-12
200004,N236WN,2006-04-21
200091,N954JB,2015-08-13
200438,N816UA,1998-09-28
200724,N926DL,1988-10-13
200865,N27724,1999-05-26
200903,N750EV,2004-09-02
201032,N312US,1990-03-14
201092,N709EV,2002-12-05
201111,N910DL,1987-10-19
201114,N712EV,2003-01-09
201192,N884AS,2001-10-24
201333,N730EV,2004-04-08
201416,N657UA,1993-02-28
201705,N17229,1999-06-03
201737,N176PQ,2008-04-29
202240,N936DL,1989-03-16
202249,N752SW,1999-10-06
202272,N17133,1998-12-22
202288,N762SW,2000-04-11
202390,N765SW,2000-04-24
202516,N57855,2004-01-09
202548,N37293,2005-07-06
202722,N477WN,2004-08-10
202738,N74856,2004-01-27
202821,N228WN,2005-12-14
202872,N230WN,2006-02-08
202962,N76288,2004-06-03
202996,N363SW,1993-02-10
203022,N360NW,1998-11-23
203036,N849UA,2002-03-08
203133,N425LV,2002-04-05
203184,N350NA,1996-11-03
203201,N490WN,2004-11-01
203229,N37298,2005-11-18
203464,N240WN,2006-06-02
203479,N479AA,1988-11-09
203562,N727SW,1999-05-20
203818,N245WN,2006-06-29
203897,N913DL,1988-02-10
204269,N483AS,2015-09-03
204304,N486AS,2015-09-13
204339,N487AS,2015-10-26
204413,N474AS,2015-06-27
204455,N955DL,1990-03-21
204537,N467AS,2014-05-18
204568,N468AS,2014-07-24
204632,N7712G,2005-05-13
204677,N457AS,2014-02-08
204678,N459AS,2014-03-17
204729,N461AS,2014-03-30
204730,N462AS,2014-04-22
204775,N981DL,1991-05-21
204777,N983DL,1991-06-15
204796,N512UA,1990-07-16
204895,N78001,1998-09-24
205107,N14143,2005-02-25
205294,N957DL,1990-04-18
205428,N684WN,1992-11-11
205519,N959DL,1990-05-13
205568,N965DL,1990-08-17
205872,N912DE,1992-12-17
205962,N939DL,1989-05-22
206263,N36247,1999-12-01
206813,N473UA,2001-06-05
206874,N543UA,1991-10-29
206921,N587UA,1994-11-01
206928,N535UA,1991-06-12
207163,N12109,1994-12-05
207236,N973DL,1991-03-09
207310,N630VA,2007-04-28
207333,N809AW,1999-12-06
207420,N347NB,2002-09-19
207466,N547UA,1991-12-24
207467,N661AW,2000-09-22
207576,N321US,1992-02-24
207636,N994DL,1991-12-13
207645,N669SW,1992-03-03
207697,N646SW,1997-04-04
207830,N342NW,1996-06-25
207994,N26226,1998-12-21
208134,N408UA,1994-04-08
208285,N413UA,1994-07-19
208400,N12114,1995-07-15
208426,N528AA,1986-02-05
208546,N959AT,2001-03-21
209071,N769UA,1995-06-27
209072,N936AT,2000-02-03
209251,N447WN,2003-11-11
209964,N482AA,1988-12-03
209996,N353NW,1998-04-14
210055,N13975,1999-09-25
210160,N475AA,1988-10-21
210185,N964DL,1990-09-07
210214,N7812G,2001-11-29
210689,N635VA,2008-02-20
210734,N357NW,1998-07-02
210879,N17146,2003-08-27
211020,N703SW,1997-12-30
211021,N708SW,2009-12-09
211077,N343NB,2002-07-17
211180,N588UA,1993-08-16
211347,N654SW,1997-08-13
212375,N12125,1998-01-30
212406,N718EV,2003-05-09
212434,N509JB,2000-09-05
212566,N451UA,1998-09-28
212906,N338NW,1996-08-16
213336,N75433,2009-03-16
213381,N78511,2008-05-10
213424,N931WN,2009-02-05
213464,N38446,2012-01-13
213703,N27239,1999-10-14
213747,N14121,1997-07-29
214268,N585JB,2004-02-13
214335,N67058,2002-01-23
214526,N932WN,2009-03-12
214584,N710SW,1998-03-28
214999,N901WN,2007-12-10
215110,N595UA,1998-02-04
215225,N38473,2013-05-07
215289,N36476,2013-06-24
215303,N34131,1998-06-02
215326,N28478,2013-07-23
215360,N355NW,1998-05-27
215584,N356NW,1998-06-12
215586,N376NW,2002-08-15
215634,N284JB,2008-01-24
215786,N323JB,2010-09-30
215805,N358JB,2013-04-29
215866,N374JB,2013-06-27
216063,N754EV,2004-11-23
216080,N37464,2012-12-18
216081,N41140,2000-02-25
216083,N811UA,1998-08-03
216122,N37465,2013-01-07
216155,N37466,2013-01-28
216229,N937DL,1989-05-08
216248,N38467,2013-02-11
216311,N36469,2013-03-08
216376,N665DN,1991-02-25
216409,N37471,2013-04-03
216472,N808UA,1998-04-14
216484,N402WN,2001-03-27
216564,N36472,2013-04-29
216576,N75435,2009-05-28
216810,N838UA,2001-05-11
216871,N663UA,1993-08-28
216994,N702UW,1998-11-23
217136,N361NW,1999-01-04
217372,N58101,1994-05-12
217388,N948DL,1989-12-19
217458,N949DL,1990-01-26
217478,N680AW,2005-12-21
217529,N12136,2005-02-25
217835,N12216,1998-07-31
218127,N33289,2004-07-23
218445,N938AT,2006-04-18
218468,N670UA,1998-04-11
218626,N559JB,2003-03-04
218628,N654AW,1999-08-30
219012,N386DA,1999-12-20
219242,N721UW,1999-10-20
219316,N615SW,1995-10-06
219355,N77014,1999-10-20
219638,N546AS,2005-01-31
219653,N14237,1999-09-18
219716,N54241,1999-10-19
219867,N354NW,1998-05-11
219923,N808AW,1999-10-12
220076,N786SW,2000-10-31
220552,N11113,2005-02-25
220633,N831UA,2000-09-22
220970,N425UA,1995-04-10
220994,N462WN,2004-06-01
221103,N411WN,2001-09-15
221122,N776WN,2000-07-27
221198,N817AW,2000-12-06
221290,N283JB,2007-11-14
221461,N250WN,2006-08-09
221579,N730US,2000-03-20
221587,N964AT,2001-06-30
221735,N431UA,1996-04-10
221989,N468AA,1988-09-19
222376,N257WN,2006-09-23
222408,N744SW,2000-05-10
222595,N475UA,2001-07-12
222628,N13550,2002-03-23
222650,N391DA,2000-05-05
222745,N335NB,2002-03-15
222785,N737US,2000-07-05
222825,N482WN,2004-09-08
223032,N460UA,2000-07-05
223287,N858AS,2000-09-01
223487,N14993,2000-07-15
223517,N7703A,2014-07-17
223644,N362SW,1992-07-09
223665,N262WN,2006-12-20
223767,N264LV,2007-01-23
223893,N626SW,1996-05-01
223962,N767UW,2000-12-14
224049,N269WN,2007-03-07
224050,N270WN,2006-10-06
224203,N662AW,2000-09-22
224230,N485WN,2004-09-21
224245,N733UW,2000-04-28
224265,N117UW,2000-07-05
224275,N35204,2000-07-13
224450,N119US,2000-09-05
224501,N255WN,2006-09-12
224594,N640AW,1994-04-08
224657,N78524,2010-08-23
224735,N919DL,1988-05-11
224756,N746UW,2000-09-22
224765,N189UW,2001-03-01
224883,N760EV,2005-05-20
224928,N11544,2002-01-26
224968,N627SW,1996-05-06
224981,N19141,2000-06-30
225019,N7737E,2014-07-24
225142,N146PQ,2007-10-29
225273,N781WN,2000-08-30
225316,N436AA,1993-02-08
225353,N815AW,2000-10-16
225424,N38454,2012-06-08
225522,N67052,2000-09-22
225540,N749US,2000-09-28
225689,N510JB,2000-09-22
225697,N408WN,2001-09-02
225753,N38257,2000-11-14
225779,N977DL,1991-04-12
225864,N289CT,2007-08-14
225912,N997DL,1992-01-22
226151,N15986,2000-04-28
226242,N729SW,1999-05-24
226451,N783SW,2000-10-03
226591,N847UA,2002-01-15
226619,N757UW,2000-11-06
227200,N762US,2000-12-06
227245,N766US,2000-12-14
227321,N38458,2012-09-21
227560,N37462,2012-11-19
227683,N321NB,2001-02-12
227877,N822AW,2001-02-12
227916,N605QX,2002-01-12
228007,N11526,2001-04-07
228070,N491AA,1989-02-17
228141,N413WN,2001-10-03
228192,N7718B,2005-12-05
228223,N75428,2008-12-08
228335,N417UA,1994-10-31
228389,N603AT,2001-07-20
228595,N852UA,2002-04-16
228599,N794SW,2001-01-12
228609,N795SW,2001-02-22
228658,N15527,2001-04-06
228665,N7717D,2005-11-02
228715,N17122,1997-08-12
228795,N401WN,2001-03-26
228848,N586AA,1991-08-27
228926,N7701B,2014-05-05
228948,N768JB,2009-01-29
228985,N621VA,2006-02-24
228986,N30401,2001-05-25
228988,N987AT,2001-05-24
229046,N529UA,1991-03-22
229087,N403WN,2001-04-12
229523,N78501,2006-07-16
229929,N851UA,2002-03-28
230212,N7725A,2006-04-17
230355,N429WN,2002-12-16
230386,N912WN,2008-03-01
230398,N7704B,2012-06-04
230425,N714US,1999-08-30
230745,N914WN,2008-03-07
230869,N791SW,2000-12-23
231218,N919WN,2008-04-29
231276,N922WN,2008-05-28
231429,N419AS,2013-03-27
231497,N926AT,2003-11-12
232103,N701GS,1997-12-19
232108,N707EV,2002-10-09
232157,N406WN,2001-06-27
232508,N57862,2001-09-05
232783,N3748Y,2001-06-08
232850,N756US,2000-11-06
232863,N935AT,2000-03-26
232866,N954AT,2000-10-17
233062,N66056,2001-06-26
233314,N7748A,2007-07-02
233435,N437AA,1993-03-04
233455,N477UA,2001-08-02
233543,N841UA,2001-08-02
233551,N182UW,2001-07-24
233624,N72405,2001-08-07
233679,N77261,2001-07-19
233782,N840UA,2001-07-12
233783,N178US,2001-07-12
233926,N75858,2004-03-19
234134,N76519,2010-01-16
234151,N77520,2010-08-13
234229,N330NB,2001-08-07
234770,N545UA,1991-11-13
235024,N7705A,2004-10-05
235093,N172US,2001-05-11
235096,N318JB,2010-06-30
235258,N364NW,1999-03-15
235259,N38403,2001-07-03
235281,N998AT,2002-11-27
235311,N365NW,1999-04-26
235334,N327NW,1992-04-13
235595,N553NW,2001-09-20
235773,N73406,2001-09-09
235854,N517AS,2009-01-06
236063,N37408,2001-09-28
236288,N837UA,2001-05-11
236648,N14905,2001-09-02
236829,N7815L,2014-01-14
237004,N332NB,2001-12-04
237248,N33714,1998-09-25
237255,N581AS,2007-05-14
237440,N904DL,1988-07-21
237461,N414UA,1994-10-31
237499,N76517,2008-09-05
237534,N398CA,2003-08-22
237618,N716UW,1999-08-30
237646,N665UA,1998-07-26
237718,N831AW,2001-12-03
237725,N366NW,1999-04-27
237727,N825AW,2001-07-12
237769,N930WN,2009-01-29
237807,N568AA,1987-06-15
237884,N600QX,2002-07-05
237890,N11536,2001-10-19
237988,N940DL,1989-06-10
238105,N429UA,1995-07-24
238107,N405UA,1994-01-26
238108,N486UA,2002-01-23
238155,N418WN,2001-11-12
238156,N32404,2001-07-17
238157,N412WN,2001-10-01
238174,N940WN,2009-06-23
238315,N537US,1996-02-20
238322,N982AT,2002-12-14
238353,N7715E,2005-08-25
238565,N939WN,2009-06-10
238743,N17126,1998-02-13
239117,N927AT,2000-10-13
239119,N344NB,2002-07-17
239504,N986DL,1991-10-21
239888,N606SW,1995-07-21
240326,N35407,2001-09-19
240414,N3760C,2001-10-03
240516,N872AS,2001-11-15
241136,N296WN,2007-10-22
241413,N69059,2002-02-11
241423,N16541,2001-12-14
241464,N700GS,1997-12-17
241610,N57869,2002-08-31
241703,N597UA,1999-01-10
241795,N77525,2010-08-25
241868,N534JB,2002-03-15
242038,N79402,2001-07-06
242079,N187US,2002-04-30
242155,N759EV,2005-05-06
242380,N185UW,2002-03-08
242442,N73283,2004-02-24
242455,N16170,2004-09-27
242624,N476UA,2001-07-24
242677,N917EV,2003-03-26
242846,N78060,2002-01-30
242847,N71411,2002-01-21
243149,N16546,2002-02-09
243234,N850UA,2002-03-08
243392,N830DN,2014-11-21
243412,N118US,2000-09-28
243589,N359SW,1992-06-03
243842,N336NB,2002-03-15
244174,N75851,2009-03-13
244187,N38424,2008-06-26
244302,N73276,2002-02-26
244313,N16234,1999-08-03
244350,N77865,2002-02-27
244464,N57852,2001-12-21
244618,N16911,2001-06-13
245158,N484UA,2002-01-15
245452,N465WN,2004-06-11
245750,N535JB,2002-04-11
245843,N26549,2002-03-23
245881,N76062,2002-03-21
245903,N186US,2002-04-16
246310,N650AW,1998-10-13
246402,N595JB,2004-10-15
246451,N853UA,2002-04-30
246513,N466AA,1988-09-03
246779,N826UA,1999-04-26
246976,N559UW,2012-09-18
247022,N720EV,2003-09-10
247077,N163US,2001-04-06
247204,N266WN,2007-02-09
247687,N769US,2001-01-08
247693,N717UW,1999-09-27
247694,N765US,2000-12-06
247696,N809UA,1998-06-12
247697,N806UA,1998-03-16
247698,N816AW,2000-11-06
247699,N819AW,2001-02-12
247751,N480AA,1988-11-15
247802,N968AT,2001-11-19
247900,N665AW,2002-01-24
247936,N513AA,1990-03-05
248133,N37474,2013-05-14
248251,N604QX,2001-12-07
248514,N728SW,1999-05-19
248734,N87507,2008-01-24
249085,N7734H,2012-07-18
249170,N424WN,2002-04-04
249447,N337NB,2002-03-26
249514,N878AS,2002-01-26
249704,N14228,1999-05-25
249787,N76522,2010-08-19
250061,N87531,2011-03-17
250389,N678CA,2007-09-10
250636,N375NC,2002-06-26
250933,N647SW,1997-06-07
250983,N657AW,1999-11-04
251247,N967DL,1990-12-05
251398,N860AS,2000-12-20
251415,N346NB,2002-09-19
252618,N448WN,2003-12-01
252663,N326NB,2001-06-05
253959,N903WN,2008-01-05
254206,N927EV,2003-09-24
254421,N37277,2002-03-26
255914,N434UA,1996-07-17
255990,N656UA,1993-01-19
256044,N528AS,2009-06-10
256127,N354NB,2002-11-08
256298,N162UW,2001-03-15
256427,N324NB,2001-05-11
256786,N911DL,1987-12-22
256836,N73275,2002-02-21
256861,N659UA,1993-04-01
256997,N438AA,1993-02-16
257027,N7745A,2007-05-24
257128,N273WN,2007-04-12
257311,N280WN,2007-06-20
257347,N281WN,2007-06-28
257366,N285WN,2007-08-03
257369,N17185,2005-06-17
257378,N27733,1999-09-05
257515,N288WN,2007-08-15
257564,N310NW,1990-03-14
257630,N645SW,1997-04-02
257637,N291WN,2007-09-09
257771,N343NW,1996-07-03
257841,N317US,1991-07-29
257903,N15910,2001-06-22
257958,N266JB,2007-02-16
258071,N21537,2001-11-09
258297,N16559,2002-06-14
258483,N551WN,2007-05-23
258589,N18102,2005-02-25
258633,N651SW,1997-08-06
259055,N405WN,2001-06-24
259230,N383SW,1994-05-16
259250,N364SW,1993-02-12
259336,N370NW,1999-08-03
259409,N12996,2000-08-13
259424,N806AW,1999-08-30
259529,N452WN,2004-03-03
259534,N75854,2002-01-30
259710,N832AW,2002-01-23
259719,N14920,2001-02-01
259864,N856AS,2000-09-01
260037,N741UW,2000-07-26
260082,N73860,2001-08-04
260161,N780SW,2000-08-26
260184,N468UA,2001-01-08
260195,N797MX,2001-03-22
260271,N748UW,2000-09-28
260345,N73256,2000-10-28
260466,N14953,1998-08-03
260510,N37287,2004-05-24
260587,N322NB,2001-03-15
260703,N173US,2001-05-11
260715,N77022,2010-07-21
260804,N56859,2004-04-24
260823,N747UW,2000-09-22
260884,N770SA,2000-06-28
260992,N241WN,2006-06-20
261161,N972UY,2009-12-08
261210,N176UW,2001-06-05
261415,N909DL,1987-08-13
261662,N7740A,2012-11-01
261820,N809SK,2006-11-09
262053,N925DL,1988-08-24
262141,N322US,1992-02-24
262184,N923WN,2008-06-07
262359,N761RR,2000-03-24
262372,N914DL,1988-02-12
262432,N663DN,1991-01-30
262436,N77006,1998-12-06
262568,N349NW,1996-05-11
262581,N380SW,1994-05-12
262635,N34137,1999-11-24
262802,N37427,2008-08-28
262921,N538CA,2008-01-11
263067,N742SW,1998-12-22
263087,N520AA,2009-07-20
263093,N414WN,2001-10-04
263230,N14974,1999-08-14
263312,N13110,1994-12-06
263450,N77296,2005-09-14
263578,N742PS,2000-09-22
263873,N755US,2000-12-06
264273,N29906,2001-07-21
264305,N14542,2001-12-22
264316,N13538,2001-11-10
264326,N487UA,2002-03-15
264339,N14907,2001-07-14
264362,N19554,2002-04-26
264381,N12530,2001-11-30
264592,N39475,2013-06-02
264608,N7751A,2014-05-27
264953,N991DL,1991-11-20
265010,N642WN,1997-01-08
265085,N14116,2005-02-25
265370,N676CA,2007-08-24
265633,N17560,2002-06-22
265638,N13978,1999-11-06
265704,N669AW,2002-06-26
266208,N12900,2001-10-06
266311,N14168,2004-08-27
266564,N14543,2002-01-19
266875,N318AS,2003-05-30
267211,N12564,2002-07-20
267316,N612QX,2002-04-26
267351,N249WN,2006-07-28
267363,N7749B,2009-02-23
267515,N78506,2006-10-21
267541,N14562,2002-06-29
267549,N17108,2005-02-25
267555,N187JB,2005-11-09
267569,N14904,2001-09-02
267941,N439UA,1997-07-07
267974,N602SW,1995-04-19
268207,N398SW,1995-02-17
268324,N17984,2000-04-08
268541,N764SW,2000-04-20
268627,N14568,2002-08-17
268735,N18114,2005-02-25
269192,N442AS,2013-11-19
269322,N14570,2002-08-31
269428,N378DA,1999-08-12
269566,N11565,2002-07-27
269760,N812UA,1998-08-03
269825,N855UA,2002-06-26
269851,N482UA,2002-01-23
269880,N483UA,2002-02-04
269925,N508AA,2001-07-14
270077,N496UA,2002-10-08
270090,N979AT,2002-08-23
270492,N27477,2013-07-16
270650,N17196,2005-12-15
270954,N657JB,2007-05-05
271321,N446WN,2003-10-28
271954,N14573,2002-09-21
271969,N12922,2000-11-10
272021,N14704,1998-04-24
272023,N102UW,1999-06-21
272067,N14972,1999-07-10
272108,N15912,2001-05-26
272188,N13750,1999-06-02
272211,N13716,1998-12-03
272316,N606JB,2005-02-24
272406,N378NW,2004-10-13
272437,N26208,2000-08-25
272491,N29917,2001-04-21
272547,N33103,1994-06-17
272720,N995AT,2002-10-03
272815,N13124,2005-02-25
272835,N969AT,2001-11-30
272843,N948AT,1999-12-21
272895,N587JB,2004-05-20
273146,N833AW,2002-12-09
273154,N591JB,2004-10-13
273264,N615QX,2002-11-13
273350,N124US,2000-12-06
273364,N12921,2000-12-15
273456,N302DQ,2008-08-02
273464,N78003,1998-11-10
273547,N962DL,1990-06-18
273586,N16961,1999-01-09
273609,N658JB,2007-06-07
273699,N503JB,2000-03-15
273708,N614QX,2002-07-10
273709,N352NW,1998-03-16
273715,N710UW,1999-06-21
273741,N956AT,2000-12-07
273742,N950AT,2000-03-10
273746,N970AT,2001-12-10
273810,N594AS,2008-03-25
273973,N493UA,2002-08-15
274757,N813UA,1998-08-03
275059,N758SW,1999-12-06
275100,N445UA,1998-06-12
275335,N11106,2005-02-25
275686,N14105,2005-02-25
275730,N556JB,2003-01-03
275731,N919AT,2001-02-19
275833,N36207,2000-08-07
276009,N673UA,2000-01-10
276077,N229JB,2006-06-08
276312,N12569,2002-08-24
276383,N521UW,2009-06-19
276459,N7741C,2013-07-11
276631,N543US,1996-05-15
276794,N13123,2005-02-25
277233,N942WN,2009-08-02
277248,N504JB,2000-02-16
277301,N87512,2008-05-17
277302,N76515,2008-08-25
277387,N717JL,2003-01-29
277429,N165US,2001-03-15
277435,N36444,2010-12-20
277459,N87527,2010-08-19
277539,N341NW,1996-07-08
277561,N12122,2005-02-25
277652,N958AT,2001-02-20
277654,N68801,2013-07-30
277744,N437WN,2003-07-09
277811,N759GS,1999-12-20
277837,N57111,1994-12-14
277938,N369NB,2003-12-09
278204,N924AT,2000-12-12
278271,N640SW,1996-12-19
278312,N659AW,2000-03-10
278336,N644AW,1992-08-18
278569,N978AT,2002-06-28
278580,N717EV,2003-03-19
278624,N558JB,2003-03-04
278818,N654UA,1992-11-10
278874,N608JB,2005-04-14
279120,N915AT,2001-03-14
279258,N39297,2005-10-15
279758,N760SW,2007-05-07
279948,N31131,2005-02-25
280171,N562JB,2003-04-22
280804,N209WN,2005-04-22
280994,N358NB,2003-04-22
281129,N433LV,2003-03-25
281147,N21129,2005-02-25
281378,N25134,2005-02-25
281720,N971AT,2001-12-13
282410,N563JB,2003-07-01
282488,N14125,2005-02-25
282912,N258JB,2006-10-05
283120,N208WN,2005-03-30
283162,N719EV,2003-04-30
283372,N11140,2005-02-25
283400,N12160,2004-04-16
283469,N938DL,1989-05-19
283635,N830UA,2000-07-05
283834,N565JB,2003-08-07
284069,N273JB,2007-06-29
284095,N11109,2005-02-25
284100,N11107,2005-02-25
284130,N12142,2005-02-25
284741,N574AA,1991-06-04
284751,N804JB,2012-05-17
285046,N37290,2004-09-07
285057,N902WN,2007-12-15
285175,N594JB,2004-10-25
285291,N391CA,2003-07-23
285401,N842UA,2001-12-06
285463,N23139,2005-02-25
285568,N813AW,2000-07-05
285788,N761ND,2005-06-03
285963,N647AW,1998-03-16
285999,N365NB,2003-09-30
286065,N814AW,2000-09-05
286605,N252WN,2006-08-18
286790,N774SW,2000-07-18
287157,N676AW,2005-04-29
287524,N12145,2003-08-27
287799,N763JB,2008-11-26
288414,N778SW,2000-08-02
288422,N66051,2000-08-30
289122,N547JB,2002-09-27
289187,N490UA,2002-04-30
289205,N421LV,2002-01-09
289281,N485UA,2002-01-24
289850,N922AT,2005-05-25
289916,N76526,2010-08-17
289958,N423UA,1995-03-07
290520,N14148,2003-09-20
290614,N13132,2005-02-25
290615,N11137,2005-02-25
290951,N817UA,1998-09-28
291099,N11539,2001-12-07
291131,N12567,2002-08-02
291657,N204WN,2005-03-09
291658,N434WN,2003-04-24
291733,N608QX,2001-12-13
291887,N928DL,1988-10-31
291983,N13992,2000-07-08
292020,N253WN,2006-09-02
292115,N48901,2001-09-21
292213,N15983,2000-03-24
292599,N290WN,2007-08-23
293153,N725UW,1999-12-27
293584,N481AA,1988-12-01
293633,N639SW,1996-10-09
293658,N705SW,1998-03-30
294143,N896AT,2005-03-08
294148,N7723E,2006-03-17
294149,N7742B,2007-02-19
294161,N7727A,2006-05-11
294414,N128UW,2010-06-26
294572,N967WN,2011-10-01
295151,N16701,1998-03-27
295717,N485AA,1989-01-05
296834,N326US,1992-03-19
296894,N156UW,2013-07-23
298712,N553WN,2011-01-20
299149,N79521,2010-08-13
299263,N836VA,2010-10-30
299388,N77530,2011-03-14
299873,N68802,2013-09-20
299999,N554WN,2011-02-18
300945,N7820L,2015-07-22
301724,N950DL,1990-02-10
301833,N958WN,2011-05-25
302312,N952WN,2010-11-23
303190,N210WN,2005-04-13
303293,N233LV,2006-03-11
303294,N999DN,1992-02-06
303728,N138EV,2009-05-21
304124,N206WN,2005-03-23
304234,N37018,2002-04-10
304307,N861AS,2000-12-20
304407,N664AW,2002-02-11
304712,N606LR,2008-04-25
305272,N837VA,2011-01-22
305848,N324JB,2010-10-26
306154,N981UY,2013-10-29
306165,N853VA,2012-03-03
306269,N838VA,2011-01-26
306286,N639VA,2010-11-22
306364,N789JB,2011-03-08
306365,N807JB,2012-10-18
307078,N533AS,2011-01-24
309697,N69806,2013-10-21
310235,N317WN,1999-06-04
310237,N657SW,1995-12-12
310586,N840VA,2011-03-19
310638,N38443,2010-12-20
311346,N479AS,2015-07-15
311713,N7822A,2015-01-09
312151,N68805,2013-09-27
312397,N366SW,1993-05-05
312476,N14162,2004-05-12
312649,N400WN,2001-03-26
312710,N24706,1998-05-19
313070,N12135,2005-02-25
313374,N763SW,2000-04-20
313425,N607LR,2008-05-16
313545,N481AS,2015-08-15
313782,N793JB,2011-04-08
314173,N839VA,2011-03-09
314204,N549UW,2011-11-29
314748,N951DN,2013-09-12
314750,N960DN,2012-08-11
315027,N76528,2011-08-12
315546,N73445,2011-04-25
315790,N68453,2012-05-29
318278,N37456,2012-09-13
319048,N826DN,2014-08-08
320494,N37468,2013-02-18
321264,N738EV,2004-06-10
321321,N237WN,2006-04-26
321411,N730SW,1999-05-27
321798,N14117,2005-02-25
321887,N7726A,2012-04-25
323552,N440AS,2013-11-13
324491,N328JB,2011-03-23
324960,N842VA,2011-08-23
325218,N8312C,2012-06-22
325226,N8318F,2012-08-17
325227,N8319F,2012-08-27
325228,N8321D,2012-09-25
325229,N8322X,2012-09-27
325246,N369SW,1993-05-21
325252,N422WN,2002-03-21
325256,N8323C,2012-10-31
325332,N535UW,2009-07-31
325364,N843VA,2011-10-01
325387,N534UW,2009-07-31
325676,N969WN,2011-12-18
325873,N7721E,2006-02-13
325995,N8305E,2012-04-20
326460,N544UW,2011-09-23
326537,N543UW,2011-09-24
326557,N845VA,2011-10-14
326845,N844VA,2011-10-01
327158,N453AS,2014-01-06
327268,N599AA,1992-07-17
327302,N706SW,1998-05-30
327528,N68811,2014-01-19
327584,N87513,2008-06-27
327612,N13903,2001-09-02
327943,N8615E,2013-09-16
327949,N8610A,2013-02-22
327951,N8612K,2013-03-26
328181,N607AT,2009-11-20
328206,N67812,2014-01-22
328380,N78448,2012-02-22
328971,N973UY,2011-10-20
329422,N962DN,2012-04-05
329836,N8313F,2012-06-28
329903,N851VA,2012-02-01
330045,N848VA,2011-12-23
331506,N7814B,2014-02-15
331511,N554UW,2011-12-31
331748,N814UA,1998-08-24
331910,N763US,2000-12-14
331930,N907DL,1987-05-16
332143,N282WN,2007-07-14
332231,N33294,2005-08-19
333209,N150UW,2013-03-26
333210,N151UW,2013-03-26
333211,N152UW,2013-05-18
333212,N154UW,2013-06-14
333444,N553UW,2011-12-16
333493,N155UW,2013-06-21
333494,N157UW,2013-07-18
333869,N821JB,2012-12-18
333880,N827JB,2013-07-11
334005,N852VA,2012-02-07
334062,N8603F,2012-06-06
335281,N849VA,2012-01-27
335474,N557UW,2012-08-29
335495,N303DQ,2008-09-04
335579,N62884,2015-06-28
335580,N61887,2015-08-15
335599,N63890,2015-09-15
335600,N68891,2015-10-03
335603,N62892,2015-10-13
335984,N477AS,2015-06-13
336122,N641VA,2010-10-04
336607,N76021,2010-07-20
336750,N948WN,2010-06-04
336752,N711HK,1998-10-21
336930,N642VA,2010-10-20
336966,N854VA,2012-03-21
337199,N81449,2012-03-25
337351,N26910,2014-03-17
337836,N938DN,2013-02-07
338031,N640VA,2010-11-04
338541,N63820,2014-03-26
338797,N945WN,2010-03-31
338897,N76523,2010-08-24
338955,N530VA,2014-08-08
339158,N669UA,1999-06-24
339165,N827UA,1999-06-21
339342,N548AS,2005-06-30
339359,N67134,2005-04-18
339366,N23721,1999-03-09
339368,N33132,1998-07-29
339369,N76254,2000-09-27
339371,N53442,2009-09-10
339372,N24729,1999-07-27
339382,N77518,2008-12-28
339393,N62849,2015-04-16
339444,N526AS,2009-04-02
339555,N464AS,2014-05-16
339691,N835VA,2010-09-28
339713,N552WN,2010-12-06
339852,N719SW,1998-08-05
340446,N570JB,2003-12-09
340602,N569AA,1987-07-10
340653,N68817,2014-03-02
341072,N558WN,2015-02-28
341167,N57864,2001-10-11
341433,N782SA,2000-09-29
341444,N59053,2000-10-06
341525,N441WN,2003-08-09
341526,N440LV,2003-08-05
341601,N347NW,1996-10-31
341735,N375SW,1993-09-07
341774,N442WN,2003-08-25
341809,N77431,2009-01-29
342267,N444WN,2003-09-12
342380,N677AW,2005-05-07
342641,N524VA,2007-08-09
343138,N33209,2000-08-30
343207,N974DL,1991-03-07
343208,N73291,2004-11-21
343520,N14107,1994-10-14
343523,N17139,2000-02-03
343524,N26123,1997-12-12
343525,N29124,1998-01-16
343527,N78017,2002-03-07
343567,N342NB,2002-06-27
343627,N583AS,2007-08-12
343794,N231JB,2006-06-13
343836,N985DL,1991-09-17
344063,N370NB,2004-02-24
344207,N371NB,2004-02-24
344406,N479WN,2004-08-21
344494,N468WN,2004-06-23
344496,N7702A,2012-04-25
344901,N368NB,2003-12-09
345093,N14219,1998-08-26
345111,N34282,2004-01-23
345149,N590JB,2004-06-28
345164,N965AT,2001-08-01
345673,N14235,1999-08-09
345838,N601AW,2004-05-28
345870,N76504,2006-08-25
345887,N418UA,1994-10-31
345975,N469UA,2001-03-15
346136,N354JB,2013-03-04
346164,N552AS,2006-02-22
346335,N11551,2002-04-12
346668,N801UA,1997-07-07
346739,N469AS,2014-08-14
346929,N359NW,1998-08-03
347157,N78866,2002-03-26
347315,N796UA,1998-01-27
347455,N260WN,2006-11-19
347468,N11191,2005-09-15
347858,N131EV,2009-01-30
347973,N357NB,2003-03-26
347997,N928AT,2000-09-13
348423,N731SA,1999-07-09
348455,N68822,2014-04-16
348711,N34110,2005-02-25
348773,N21154,2003-12-12
348836,N38268,2001-09-25
348837,N76269,2001-10-05
348880,N988AT,2002-04-16
348903,N317NB,2000-10-16
348980,N11535,2001-10-12
349196,N704SW,1999-02-25
349401,N66825,2014-05-15
349498,N557WN,2000-11-06
349533,N820AW,2001-02-12
349646,N715JB,2008-07-18
349758,N316JB,2009-07-23
349857,N626VA,2006-07-12
349969,N337JB,2011-09-21
350033,N563WN,2015-03-05
350152,N951AT,2000-04-29
350155,N519JB,2001-03-01
350172,N66828,2014-06-17
350184,N69833,2014-09-10
350185,N69838,2014-01-12
350506,N212WN,2005-05-12
350754,N57857,2004-02-20
350882,N11547,2002-02-09
350995,N723EV,2004-01-23
351030,N941WN,2009-07-08
351102,N184JB,2005-10-24
351530,N13161,2004-05-01
351597,N69839,2014-12-18
351755,N69824,2014-05-06
351778,N13553,2002-04-19
351854,N198JB,2006-02-22
351856,N12167,2004-07-30
351926,N672AW,2004-05-20
351985,N537UW,2009-09-30
352079,N539UW,2009-10-31
352123,N757LV,1999-11-29
352149,N11127,2005-02-25
352343,N323NB,2001-04-06
352344,N325NB,2001-06-05
352407,N846VA,2011-11-16
352483,N642UA,1991-05-08
352757,N545UW,2011-09-30
352774,N546UW,2011-10-25
352951,N528VA,2012-06-04
352958,N974UY,2011-10-29
353008,N375JB,2013-10-30
353213,N637VA,2008-04-17
353307,N975UY,2011-12-03
353344,N963AT,2001-06-08
353410,N460WN,2004-05-07
353499,N551UW,2011-12-08
353500,N552UW,2011-12-13
353794,N556UW,2012-08-04
354022,N348JB,2012-02-06
354023,N368JB,2013-05-21
354024,N644JB,2006-09-21
354025,N629JB,2005-11-04
354554,N560UW,2012-09-22
354566,N561UW,2012-10-19
354610,N562UW,2012-10-30
354712,N563UW,2012-12-08
354894,N681DA,1993-01-22
354999,N7714B,2012-03-27
355000,N466WN,2004-06-14
355002,N977UY,2012-12-13
355035,N567UW,2013-08-09
355122,N526UA,1991-01-22
355153,N979UY,2013-09-07
355213,N980UY,2013-10-24
355320,N572UW,2013-12-14
355346,N566AA,1987-06-13
355729,N818UA,1998-10-20
355794,N741EV,2004-08-16
355879,N16217,1999-07-01
356090,N573UW,2014-01-24
356097,N575UW,2014-02-21
356102,N201UU,1995-06-13
356110,N13964,1999-04-10
356112,N576UW,2014-03-20
356113,N578UW,2014-04-01
356114,N579UW,2014-05-16
356178,N580UW,2014-06-11
356200,N581UW,2014-06-20
356387,N565WN,2014-06-17
356452,N694DL,1998-11-10
356482,N298JB,2009-03-12
356648,N758EV,2005-04-29
357206,N317JB,2010-06-30
357390,N14177,2005-02-18
357539,N37437,2009-07-07
358089,N700UW,1998-11-23
358161,N14180,2005-03-25
358344,N18112,1995-02-01
358480,N921US,2015-04-18
358481,N923US,2015-04-11
358498,N913US,2014-08-30
358513,N919US,2015-02-26
359630,N7710A,2005-03-16
359826,N635JB,2006-04-05
359862,N554JB,2003-01-03
359905,N423WN,2002-03-28
359914,N455WN,2004-03-31
359921,N966AT,2001-09-07
360217,N847VA,2011-12-22
360274,N195UW,2008-09-09
360476,N153UW,2013-05-16
360629,N198UW,2013-02-13
360630,N199UW,2013-02-21
360859,N231WN,2006-02-26
360962,N7747C,2014-07-11
361005,N244WN,2006-06-24
361039,N368SW,1993-05-13
361193,N77066,2002-05-30
361288,N524UW,2009-07-21
361448,N14186,2005-06-30
361800,N7738A,2012-09-12
361840,N11187,2005-07-15
362106,N621JB,2005-07-22
362111,N14188,2005-07-21
362850,N495UA,2002-10-08
362851,N494UA,2002-09-27
362863,N345SA,2000-01-31
363182,N183JB,2005-09-14
363408,N584UW,2014-08-02
363409,N585UW,2014-08-05
363410,N586UW,2014-08-20
363763,N16571,2002-08-31
363895,N193JB,2006-01-06
363939,N625JB,2005-09-29
364102,N679AW,2005-12-06
364155,N279JB,2007-07-25
364232,N108UW,1999-09-27
364371,N624JB,2005-09-01
364657,N17730,1999-08-03
364660,N23707,1998-05-27
364661,N24224,1998-12-17
364662,N18119,1997-05-12
364663,N19966,1999-05-07
364668,N14118,1997-03-21
364669,N14115,1995-08-14
364670,N14950,1999-01-28
364881,N940AT,1999-11-03
364882,N961AT,2001-05-02
364960,N492AA,1989-02-08
365157,N16713,1998-09-23
365220,N18220,1998-11-04
365221,N24211,1998-07-26
365552,N12225,1998-12-21
365553,N12238,1999-10-07
365561,N78002,1998-09-28
365570,N76010,1999-05-27
365593,N33203,2000-06-21
365788,N224WN,2005-10-28
365936,N355NB,2002-12-09
366215,N7706A,2004-12-01
366221,N57863,2001-09-22
366286,N190JB,2005-12-01
366371,N770UW,2001-01-08
366449,N112US,2000-02-04
366529,N552JB,2003-01-03
366598,N13968,1999-06-04
366747,N13965,1999-04-15
366820,N710EV,2002-12-13
366879,N314US,1991-04-18
366905,N268WN,2007-03-05
366959,N227WN,2005-12-09
367251,N980AT,2002-10-15
367470,N486AA,1989-01-12
367508,N990AT,2002-05-24
367549,N582UW,2014-07-09
367837,N12195,2005-12-08
367878,N551AS,2006-02-02
367880,N499AA,1989-10-05
367951,N12967,1999-05-08
367952,N14959,1998-11-06
367969,N14198,2006-02-09
368251,N229WN,2006-01-28
368342,N590AA,1991-09-24
368578,N553AS,2006-03-30
368605,N11199,2006-02-23
368673,N634JB,2006-03-14
368736,N777UA,1995-05-15
368840,N39463,2012-11-27
369137,N35236,1999-09-09
369203,N76502,2006-08-08
369610,N471AS,2014-10-09
369807,N27200,2006-03-30
369847,N633JB,2006-02-02
370495,N674UA,2000-04-04
370532,N27246,1999-11-09
370558,N910AT,2001-03-26
370559,N921AT,2000-12-16
370720,N658DL,1990-05-24
370736,N7731A,2006-07-23
370781,N7825A,2015-08-06
370793,N7827A,2015-08-28
370798,N7828A,2015-08-20
370799,N7829B,2015-10-21
370806,N7831B,2015-10-02
370878,N7844A,2015-10-12
371249,N628VA,2007-01-19
371334,N21144,2005-02-25
371425,N235WN,2006-04-10
371444,N65832,2014-08-18
371706,N206JB,2006-04-20
371749,N402AS,2012-10-21
371860,N14203,2006-05-23
372191,N423AS,2013-04-30
372212,N433AS,2013-10-09
372327,N637JB,2006-05-24
372382,N523UW,2009-07-11
372482,N972AT,2002-01-31
372707,N570AS,2007-03-17
373080,N835UA,2001-03-01
373335,N625VA,2006-06-20
373761,N568JB,2003-09-30
373785,N920EV,2003-07-02
373901,N77871,2003-07-30
373937,N494WN,2004-12-12
374065,N14204,2006-06-22
374114,N736SA,1999-08-27
374115,N785SW,2000-11-01
374116,N715SW,1998-06-30
374117,N215WN,2005-06-02
374576,N568UA,1992-11-05
374792,N239JB,2006-08-16
374822,N18223,1998-12-16
374823,N587UW,2014-08-20
375041,N803SK,2006-08-18
375497,N789SW,2000-11-29
375498,N450WN,2004-01-07
375619,N527AS,2009-05-22
376490,N777QC,2000-07-28
376644,N915DL,1988-02-22
377348,N559AA,1991-05-20
377463,N639JB,2006-06-29
377798,N14991,2000-06-30
377931,N912UY,2014-09-10
377975,N76508,2008-02-10
378017,N7733B,2006-09-21
378093,N560WN,2000-05-31
378149,N254WN,2006-09-01
378675,N258WN,2006-10-14
378717,N265JB,2006-11-10
378728,N259WN,2006-10-30
378746,N627VA,2006-08-25
378921,N284WN,2007-07-23
379066,N982DL,1991-06-12
379146,N79279,2003-11-19
379446,N478AA,1988-11-10
379507,N623SW,1996-03-23
379649,N75432,2009-02-24
379824,N918DL,1988-05-01
379841,N3737C,2000-11-29
379857,N265WN,2007-02-02
380125,N636JB,2006-12-07
380143,N646JB,2006-11-16
380187,N564AA,1987-06-07
380244,N987DL,1991-10-16
380375,N177DN,1991-01-12
380595,N228PQ,2009-04-09
380891,N445WN,2003-12-03
381556,N960DL,1990-05-23
381626,N855VA,2012-06-22
381811,N377NW,2004-02-24
381815,N197UW,2009-06-04
382322,N181PQ,2008-05-29
382444,N263WN,2007-01-17
382719,N934WN,2009-04-21
382720,N935WN,2009-05-03
382797,N13718,1999-01-22
383761,N267JB,2007-02-28
383992,N228JB,2006-05-23
384318,N518UA,1990-09-14
384409,N656JB,2007-04-05
385029,N661JB,2007-09-08
385041,N930AT,2000-06-03
385119,N652UA,1992-09-30
385209,N16963,1999-03-06
385349,N519MQ,2000-06-20
385558,N14916,2001-04-21
385959,N39461,2012-10-29
386062,N19130,1998-05-07
386174,N963DL,1990-06-20
386699,N677UA,2001-09-21
386998,N583UW,2014-07-17
387043,N566WN,2015-03-18
387282,N7750A,2008-02-04
387295,N634VA,2008-01-15
387318,N590AS,2008-01-12
387798,N544UA,1991-11-08
388205,N16178,2005-02-18
388404,N497WN,2005-01-04
388626,N670SW,1993-06-05
388715,N593AS,2008-03-10
388848,N825UA,1999-04-26
388947,N538UW,2009-10-09
389009,N292JB,2008-06-10
389499,N305DQ,2008-12-16
389799,N7752B,2008-03-17
389845,N628SW,1996-05-28
390035,N943WN,2010-03-03
390054,N951WN,2010-08-28
390130,N26232,1999-06-24
390268,N954WN,2011-02-10
390911,N37422,2008-05-20
391140,N13566,2002-08-03
391249,N929WN,2008-08-01
392294,N356SW,1991-08-09
392363,N737JW,1999-08-30
392398,N16709,1998-08-30
392630,N703UW,1998-11-23
392632,N943AT,1999-09-23
392822,N709UW,1999-04-27
392824,N54711,1998-09-18
392876,N528UA,1991-02-19
392882,N546UA,1991-12-13
392889,N7724A,2013-09-23
392959,N178JB,2005-12-19
392970,N401UA,1993-12-13
393406,N916WN,2008-03-27
393425,N7816B,2015-05-27
393486,N37434,2009-10-28
393915,N510UW,2009-04-01
394205,N34455,2012-06-21
394303,N378SW,1994-02-18
394337,N916DL,1988-03-03
394405,N75429,2008-12-14
394415,N659SW,1985-05-20
394416,N77430,2009-01-13
394821,N361NB,2003-05-29
394863,N24103,2005-02-15
395186,N939AT,2006-05-19
395381,N351NW,1998-02-17
395834,N906WN,2008-01-21
396055,N536UW,2009-10-10
396307,N7818L,2015-06-22
396349,N358NW,1998-07-02
396424,N127UW,2010-02-25
396804,N568UW,2013-09-04
397137,N442UA,1998-03-16
397362,N7817J,2015-06-15
397394,N232WN,2006-03-02
397609,N558AA,1991-05-19
397672,N818AW,2000-12-06
397753,N516AS,2008-12-16
397909,N648SW,1997-06-20
398563,N66831,2014-07-28
398596,N29717,1999-01-22
398600,N27722,1999-04-14
401440,N166PQ,2008-04-04
402383,N186PQ,2008-07-24
403329,N550AA,2003-09-29
403619,N78438,2009-07-21
404271,N28457,2012-09-18
406741,N426AA,1986-11-26
415976,N621SW,1996-01-18
416318,N425AA,1968-10-17
421436,N75853,2015-01-26
421626,N69063,2002-04-02
424262,N14120,1996-07-30
425406,N38417,2008-03-11
426404,N432UA,1996-06-06
426431,N76529,2010-12-23
432873,N77510,2008-04-21
